,Principal Component,Variance Explained
0,principal component 1,0.3564620337877337
1,principal component 2,0.11621919888126793
2,principal component 3,0.09897100875617265
3,principal component 4,0.09245521853610413
4,principal component 5,0.08693189778566371
